research_paper_id,year,author_id,author
13,2000,1,"Papageorgiou, Constantine P."
15,2000,2,"Evgeniou, Theodoros"
15,2000,3,"Pontil, Massimiliano"
55,2001,4,"Sezgin, Tevfik Metin"
56,2001,5,"Banks, Jessica"
57,2001,6,"Ucko, Aaron Mark"
60,2001,7,"Ho, Purdy"
61,2001,8,"Nagpal, Radhika"
63,2001,9,"Alvira, Mariano"
63,2001,10,"Paris, Jim"
63,2001,11,"Rifkin, Ryan"
64,2001,12,"Chan, Nicholas T."
64,2001,13,"Dahan, Ely"
64,2001,14,"Lo, Andrew W."
64,2001,15,"Poggio, Tomaso"
65,2001,16,"Russell, Richard"
65,2001,17,"Sinha, Pawan"
66,2001,18,"Torralba, Antonio"
66,2001,17,"Sinha, Pawan"
69,2001,19,"Zollei, Lilla"
70,2001,20,"Shelton, Christian Robert"
71,2001,17,"Sinha, Pawan"
71,2001,18,"Torralba, Antonio"
72,2001,21,"Beal, Jacob"
73,2001,22,"Yeo, Gene"
73,2001,15,"Poggio, Tomaso"
77,2001,23,"Rennie, Jason D. M."
78,2001,24,"Hong, Won"
79,2001,25,"Bryson, Joanna J."
80,2001,18,"Torralba, Antonio"
80,2001,17,"Sinha, Pawan"
81,2001,26,"Dror, Ron O."
81,2001,27,"Adelson, Edward H."
81,2001,28,"Willsky, Alan S."
82,2001,29,"Lee, Lily"
83,2001,30,"Miller, Erik G."
83,2001,31,"Tieu, Kinh"
83,2001,32,"Stauffer, Chris P."
84,2001,33,"Yu, Angela J."
84,2001,34,"Giese, Martin A."
84,2001,35,"Poggio, Tomaso A."
85,2001,36,"Taycher, Leonid"
85,2001,37,"Darrell, Trevor"
86,2001,38,"Arkoudas, Konstantine"
87,2001,38,"Arkoudas, Konstantine"
88,2001,23,"Rennie, Jason D. M."
88,2001,11,"Rifkin, Ryan"
89,2001,39,"Fleming, Roland W."
89,2001,26,"Dror, Ron O."
89,2001,27,"Adelson, Edward H."
90,2001,26,"Dror, Ron O."
90,2001,40,"Edward H. Adelson,"
90,2001,28,"Willsky, Alan S."
92,2001,41,"Ostrovsky, Yuri"
92,2001,42,"Cavanagh, Patrick"
92,2001,17,"Sinha, Pawan"
93,2001,18,"Torralba, Antonio"
93,2001,17,"Sinha, Pawan"
94,2001,43,"Corduneanu, Adrian"
94,2001,44,"Jaakkola, Tommi"
95,2001,38,"Arkoudas, Konstantine"
98,2001,18,"Torralba, Antonio"
98,2001,45,"Oliva, Aude"
99,2001,46,"Riesenhuber, Maximilian"
100,2001,47,"Yip, Andrew"
100,2001,17,"Sinha, Pawan"
103,2002,21,"Beal, Jacob"
104,2002,37,"Darrell, Trevor"
104,2002,48,"Checka, Neal"
104,2002,49,"Oh, Alice"
104,2002,50,"Morency, Louis-Philippe"
105,2002,51,"Freeman, William T."
105,2002,52,"Zhang, Hao"
118,2002,15,"Poggio, Tomaso"
118,2002,11,"Rifkin, Ryan"
118,2002,53,"Mukherjee, Sayan"
118,2002,54,"Rakhlin, Alex"
120,2002,55,"Knoblich, Ulf"
120,2002,56,"Riesenhuber, Maximilan"
121,2002,57,"Sullivan, Gregory T."
124,2002,58,"Finney, Sarah"
124,2002,59,"Gardiol, Natalia H."
124,2002,60,"Kaelbling, Leslie Pack"
124,2002,61,"Oates, Tim"
125,2002,55,"Knoblich, Ulf"
125,2002,62,"Freedman, David J."
125,2002,46,"Riesenhuber, Maximilian"
129,2002,63,"Steinbach, Carl"
130,2002,64,"Huang, Andrew ""bunnie"""
137,2002,64,"Huang, Andrew ""bunnie"""
138,2002,65,"Brown, Jeremy Hanford"
139,2002,66,"Kim, Adlar J."
139,2002,67,"Shelton, Christian R."
140,2002,68,"III, Teodoro Arvizo"
146,2002,69,"Werfel, Justin"
150,2002,70,"Schneider, Robert"
150,2002,46,"Riesenhuber, Maximilian"
151,2002,71,"Giese, Martin Alexander"
151,2002,15,"Poggio, Tomaso"
152,2002,72,"Giese, M.A."
152,2002,73,"Xie, X."
155,2002,74,"Steck, Harald"
155,2002,75,"Jaakkola, Tommi S."
156,2002,51,"Freeman, William T."
156,2002,18,"Torralba, Antonio"
157,2002,76,"Tappen, Marshall F."
157,2002,51,"Freeman, William T."
157,2002,27,"Adelson, Edward H."
158,2002,77,"Kumar, Vinay P."
163,2002,26,"Dror, Ron O."
164,2002,78,"Van Eepoel, John M."
170,2002,79,"Sussman, Gerald Jay"
170,2002,80,"Wisdom, Jack"
171,2002,80,"Wisdom, Jack"
176,2002,81,"Sudderth, Erik B."
176,2002,82,"Ihler, Alexander T."
176,2002,51,"Freeman, William T."
176,2002,28,"Willsky, Alan S."
177,2002,21,"Beal, Jacob"
178,2002,83,"Bouvrie, Jake V."
179,2002,53,"Mukherjee, Sayan"
179,2002,84,"Niyogi, Partha"
179,2002,15,"Poggio, Tomaso"
179,2002,11,"Rifkin, Ryan"
180,2002,18,"Torralba, Antonio"
180,2002,51,"Freeman, William T."
181,2002,85,"Perez-Breva, Luis"
181,2002,86,"Yoshimi, Osamu"
182,2002,87,"Grossman, J.P."
192,2003,88,"Srebro, Nathan"
192,2003,44,"Jaakkola, Tommi"
195,2003,89,"Adler, Aaron D."
196,2003,90,"Kim, Philip Mjong-Hyon Shin"
197,2003,91,"Chklovski, Timothy"
198,2003,92,"Peshkin, Leonid"
199,2003,74,"Steck, Harald"
199,2003,75,"Jaakkola, Tommi S."
200,2003,93,"Geiger, Gadi"
200,2003,94,"Ezzat, Tony"
200,2003,15,"Poggio, Tomaso"
206,2003,95,"Jarudi, Izzat N."
206,2003,17,"Sinha, Pawan"
207,2003,21,"Beal, Jacob"
208,2003,18,"Torralba, Antonio"
208,2003,96,"Murphy, Kevin P."
208,2003,51,"Freeman, William T."
208,2003,97,"Rubin, Mark A."
212,2003,98,"Alvarado, Christine"
212,2003,99,"Teevan, Jaime"
212,2003,100,"Ackerman, Mark S."
212,2003,101,"Karger, David"
213,2003,21,"Beal, Jacob"
214,2003,102,"Grauman, Kristen"
214,2003,103,"Shakhnarovich, Gregory"
214,2003,37,"Darrell, Trevor"
215,2003,104,"Christoudias, Chris Mario"
215,2003,50,"Morency, Louis-Philippe"
215,2003,37,"Darrell, Trevor"
216,2003,103,"Shakhnarovich, Gregory"
216,2003,105,"Viola, Paul"
216,2003,37,"Darrell, Trevor"
223,2003,50,"Morency, Louis-Philippe"
225,2003,21,"Beal, Jacob"
226,2003,106,"Martin, Martin C."
227,2003,102,"Grauman, Kristen"
228,2003,107,"Wehowsky, Andreas F."
233,2003,108,"Das, Sanmay"
234,2003,109,"Gajos, Krzysztof"
234,2003,110,"Shrobe, Howard"
235,2003,111,"Louie, Jennifer"
236,2003,112,"Rosen, Ezra"
237,2003,113,"Koile, Kimberle"
237,2003,114,"Tollmar, Konrad"
237,2003,115,"Demirdjian, David"
237,2003,110,"Shrobe, Howard"
237,2003,37,"Darrell, Trevor"
238,2003,116,"Monteleoni, Claire"
239,2003,117,"Marjanovic, Matthew J."
240,2003,29,"Lee, Lily"
241,2003,118,"Timoner, Samson"
242,2003,118,"Timoner, Samson"
249,2003,119,"Felzenszwalb, Pedro F."
250,2003,119,"Felzenszwalb, Pedro F."
252,2003,21,"Beal, Jacob"
253,2003,21,"Beal, Jacob"
254,2003,120,"Balas, Benjamin J."
254,2003,17,"Sinha, Pawan"
255,2003,120,"Balas, Benjamin J."
255,2003,17,"Sinha, Pawan"
257,2003,121,"Shimizu, Hiroaki"
257,2003,15,"Poggio, Tomaso"
259,2003,121,"Shimizu, Hiroaki"
259,2003,15,"Poggio, Tomaso"
260,2003,53,"Mukherjee, Sayan"
260,2003,122,"Golland, Polina"
260,2003,123,"Panchenko, Dmitry"
261,2003,53,"Mukherjee, Sayan"
261,2003,122,"Golland, Polina"
261,2003,123,"Panchenko, Dmitry"
262,2003,124,"Che, Austin"
263,2003,124,"Che, Austin"
264,2003,125,"Ross, Michael G."
264,2003,60,"Kaelbling, Leslie Pack"
265,2003,126,"Kouh, Minjoon"
265,2003,46,"Riesenhuber, Maximilian"
266,2003,125,"Ross, Michael G."
266,2003,60,"Kaelbling, Leslie Pack"
267,2003,126,"Kouh, Minjoon"
267,2003,46,"Riesenhuber, Maximilian"
274,2003,127,"Eisenstein, Jacob"
275,2003,127,"Eisenstein, Jacob"
280,2003,128,"Morgenstern, Christian"
280,2003,129,"Heisele, Bernd"
281,2003,128,"Morgenstern, Christian"
281,2003,129,"Heisele, Bernd"
282,2003,130,"Chang, Yu-Han"
282,2003,131,"Ho, Tracey"
282,2003,60,"Kaelbling, Leslie Pack"
283,2003,130,"Chang, Yu-Han"
283,2003,131,"Ho, Tracey"
283,2003,60,"Kaelbling, Leslie Pack"
284,2003,102,"Grauman, Kristen"
284,2003,37,"Darrell, Trevor"
285,2003,102,"Grauman, Kristen"
285,2003,37,"Darrell, Trevor"
287,2003,21,"Beal, Jacob"
287,2003,132,"Gilbert, Seth"
288,2003,21,"Beal, Jacob"
288,2003,132,"Gilbert, Seth"
290,2004,70,"Schneider, Robert"
290,2004,46,"Riesenhuber, Maximilian"
291,2004,70,"Schneider, Robert"
291,2004,46,"Riesenhuber, Maximilian"
292,2004,133,"Rakhlin, Alexander"
292,2004,123,"Panchenko, Dmitry"
292,2004,53,"Mukherjee, Sayan"
293,2004,134,"Wolf, Lior"
293,2004,135,"Amnon Shashua,"
293,2004,53,"Mukherjee, Sayan"
294,2004,134,"Wolf, Lior"
294,2004,136,"Shashua, Amnon"
294,2004,53,"Mukherjee, Sayan"
295,2004,133,"Rakhlin, Alexander"
295,2004,123,"Panchenko, Dmitry"
295,2004,53,"Mukherjee, Sayan"
296,2004,102,"Grauman, Kristen"
296,2004,103,"Shakhnarovich, Gregory"
296,2004,37,"Darrell, Trevor"
297,2004,102,"Grauman, Kristen"
297,2004,103,"Shakhnarovich, Gregory"
297,2004,37,"Darrell, Trevor"
299,2004,110,"Shrobe, Howard"
299,2004,137,"Laddaga, Robert"
300,2004,110,"Shrobe, Howard"
300,2004,137,"Laddaga, Robert"
304,2004,138,Riesenhuber
304,2004,139,Jarudi
304,2004,140,Gilad
304,2004,141,Sinha
305,2004,138,Riesenhuber
305,2004,139,Jarudi
305,2004,140,Gilad
305,2004,141,Sinha
308,2004,142,"Yokono, Jerry Jun"
308,2004,15,"Poggio, Tomaso"
309,2004,142,"Yokono, Jerry Jun"
309,2004,15,"Poggio, Tomaso"
315,2004,18,"Torralba, Antonio"
317,2004,18,"Torralba, Antonio"
317,2004,96,"Murphy, Kevin P."
317,2004,51,"Freeman, William T."
318,2004,18,"Torralba, Antonio"
320,2004,18,"Torralba, Antonio"
320,2004,96,"Murphy, Kevin P."
320,2004,51,"Freeman, William T."
321,2004,85,"Perez-Breva, Luis"
323,2004,142,"Yokono, Jerry Jun"
323,2004,15,"Poggio, Tomaso"
324,2004,142,"Yokono, Jerry Jun"
324,2004,15,"Poggio, Tomaso"
325,2004,19,"Zollei, Lilla"
325,2004,143,"Fisher, John"
325,2004,144,"Wells, William"
326,2004,19,"Zollei, Lilla"
326,2004,143,"Fisher, John"
326,2004,144,"Wells, William"
332,2004,145,"Kennell, Jonathan"
333,2004,146,"Stamatoiu, Oana L."
334,2004,145,"Kennell, Jonathan"
336,2004,146,"Stamatoiu, Oana L."
338,2004,147,"Goler, Jonathan A."
339,2004,147,"Goler, Jonathan A."
343,2004,148,"Hearn, Robert A."
344,2004,148,"Hearn, Robert A."
345,2004,99,"Teevan, Jaime"
346,2004,99,"Teevan, Jaime"
348,2004,18,"Torralba, Antonio"
348,2004,96,"Murphy, Kevin P."
348,2004,51,"Freeman, William T."
349,2004,18,"Torralba, Antonio"
349,2004,96,"Murphy, Kevin P."
349,2004,51,"Freeman, William T."
351,2004,149,"Indyk, Piotr"
351,2004,150,"Woodruff, David"
352,2004,149,"Indyk, Piotr"
352,2004,150,"Woodruff, David"
353,2004,151,"Badoiu, Mihai"
353,2004,149,"Indyk, Piotr"
353,2004,152,"Sidiropoulos, Anastasios"
354,2004,151,"Badoiu, Mihai"
354,2004,149,"Indyk, Piotr"
354,2004,152,"Sidiropoulos, Anastasios"
359,2004,153,"Kemp, Charles"
359,2004,154,"Griffiths, Thomas L."
359,2004,155,"Tenenbaum, Joshua B."
360,2004,156,"Uzuner, Ozlem"
361,2004,157,"Serre, Thomas"
361,2004,46,"Riesenhuber, Maximilian"
362,2004,4,"Sezgin, Tevfik Metin"
362,2004,158,"Davis, Randall"
366,2004,159,"Kreiman, Gabriel"
366,2004,160,"Hung, Chou"
366,2004,15,"Poggio, Tomaso"
366,2004,161,"DiCarlo, James"
367,2004,162,"Arsenio, Artur Miguel"
368,2004,163,"Benjamin, Michael R."
369,2004,22,"Yeo, Gene"
369,2004,164,"Van Nostrand, Eric"
369,2004,165,"Holste, Dirk"
369,2004,15,"Poggio, Tomaso"
369,2004,166,"Burge, Christopher"
370,2004,167,"Tucker-Kellogg, Lisa"
375,2004,168,"Steinkraus, Kurt"
375,2004,60,"Kaelbling, Leslie Pack"
380,2004,69,"Werfel, Justin"
382,2004,169,"Cadieu, Charles"
382,2004,126,"Kouh, Minjoon"
382,2004,46,"Riesenhuber, Maximilian"
382,2004,15,"Poggio, Tomaso"
383,2004,134,"Wolf, Lior"
383,2004,170,"Martin, Ian"
384,2004,157,"Serre, Thomas"
384,2004,134,"Wolf, Lior"
384,2004,15,"Poggio, Tomaso"
386,2004,88,"Srebro, Nathan"
387,2004,102,"Grauman, Kristen"
387,2004,37,"Darrell, Trevor"
391,2004,171,"Liang, Percy"
391,2004,88,"Srebro, Nathan"
392,2004,126,"Kouh, Minjoon"
392,2004,15,"Poggio, Tomaso"
393,2004,172,"Richards, Whitman"
393,2004,173,"Seung, H. Sebastian"
398,2005,21,"Beal, Jacob"
398,2005,174,"Sussman, Gerald"
400,2005,175,"Kondacs, Attila"
402,2005,79,"Sussman, Gerald Jay"
402,2005,80,"Wisdom, Jack"
403,2005,176,"Balas, Benjamin"
406,2005,177,"Riemann, Reina"
406,2005,178,"Winstein, Keith"
408,2005,179,"Sivic, Josef"
408,2005,180,"Russell, Bryan C."
408,2005,181,"Efros, Alexei A."
408,2005,182,"Zisserman, Andrew"
408,2005,51,"Freeman, William T."
410,2005,176,"Balas, Benjamin"
410,2005,17,"Sinha, Pawan"
412,2005,36,"Taycher, Leonid"
412,2005,183,"Fisher III, John W."
412,2005,37,"Darrell, Trevor"
413,2005,102,"Grauman, Kristen"
413,2005,37,"Darrell, Trevor"
415,2005,134,"Wolf, Lior"
415,2005,184,"Bileschi, Stanley"
416,2005,185,"Pohl, Kilian M."
416,2005,143,"Fisher, John"
416,2005,186,"Grimson, W. Eric L."
416,2005,187,"Wells, William M."
420,2005,69,"Werfel, Justin"
420,2005,188,"Bar-Yam, Yaneer"
420,2005,8,"Nagpal, Radhika"
422,2005,21,"Beal, Jacob"
423,2005,189,"Caponnetto, Andrea"
423,2005,190,"Vito, Ernesto De"
424,2005,127,"Eisenstein, Jacob"
424,2005,158,"Davis, Randall"
425,2005,191,"Taylor, Christopher"
425,2005,192,"Rahimi, Ali"
425,2005,193,"Bachrach, Jonathan"
425,2005,110,"Shrobe, Howard"
427,2005,190,"Vito, Ernesto De"
427,2005,189,"Caponnetto, Andrea"
429,2005,189,"Caponnetto, Andrea"
429,2005,133,"Rakhlin, Alexander"
430,2005,194,"Nahnsen, Thade"
430,2005,156,"Uzuner, Ozlem"
430,2005,195,"Katz, Boris"
432,2005,196,"Wu, Jia Jane"
433,2005,189,"Caponnetto, Andrea"
433,2005,197,"Rosasco, Lorenzo"
433,2005,190,"Vito, Ernesto De"
433,2005,198,"Verri, Alessandro"
434,2005,199,"Taylor, Christopher J."
435,2005,200,"Segonne, Florent"
435,2005,201,"Pons, Jean-Philippe"
435,2005,202,"Fischl, Bruce"
435,2005,203,"Grimson, Eric"
438,2005,204,"rahimi, ali"
438,2005,205,"recht, ben"
438,2005,206,"darrell, trevor"
443,2005,160,"Hung, Chou"
443,2005,159,"Kreiman, Gabriel"
443,2005,15,"Poggio, Tomaso"
443,2005,207,"DiCarlo, James J."
444,2005,142,"Yokono, Jerry Jun"
444,2005,15,"Poggio, Tomaso"
454,2005,172,"Richards, Whitman"
456,2005,180,"Russell, Bryan C."
456,2005,18,"Torralba, Antonio"
456,2005,96,"Murphy, Kevin P."
456,2005,51,"Freeman, William T."
457,2005,208,"Stauffer, Chris"
458,2005,209,"Theocharous, Georgios"
458,2005,210,"Mahadevan, Sridhar"
458,2005,60,"Kaelbling, Leslie Pack"
463,2005,108,"Das, Sanmay"
465,2005,93,"Geiger, Gadi"
465,2005,211,"Amara, Domenic G"
467,2005,212,"Lippert, Ross"
467,2005,11,"Rifkin, Ryan"
473,2005,213,"Andoni, Alexandr"
473,2005,149,"Indyk, Piotr"
475,2005,116,"Monteleoni, Claire"
475,2005,44,"Jaakkola, Tommi"
476,2005,214,"Dasgupta, Sanjoy"
476,2005,215,"Kalai, Adam Tauman"
476,2005,116,"Monteleoni, Claire"
477,2005,156,"Uzuner, Ozlem"
481,2005,36,"Taycher, Leonid"
481,2005,103,"Shakhnarovich, Gregory"
481,2005,115,"Demirdjian, David"
481,2005,37,"Darrell, Trevor"
482,2005,216,"Ivanov, Yuri"
482,2005,157,"Serre, Thomas"
482,2005,217,"Bouvrie, Jacob"
483,2005,218,"Serre, T."
483,2005,219,"Kouh, M."
483,2005,220,"Cadieu, C."
483,2005,221,"Knoblich, U."
483,2005,222,"Kreiman, G."
483,2005,223,"Poggio, T."
733,2009,163,"Benjamin, Michael R."
733,2009,224,"Leonard, John J."
733,2009,225,"Schmidt, Henrik"
733,2009,226,"Newman, Paul M."
783,2010,227,"Li, Hui X."
1023,2016,228,"Kawaguchi, Kenji"
1055,2018,229,"Unhelkar, Vaibhav V."
1055,2018,230,"Shah, Julie A."
711,2009,231,"Perli, Samuel David"
711,2009,232,"Gollakota, Shyamnath"
711,2009,233,"Katabi, Dina"
786,2010,234,"Igarashi, Takeo"
786,2010,235,"Durand, Fredo"
786,2010,236,"Rivers, Alec"
341,2004,237,"Taylor, Michael Bedford"
341,2004,238,"Lee, Walter"
341,2004,239,"Amarasinghe, Saman"
341,2004,240,"Agarwal, Anant"
1033,2016,241,"Eisenberg, Joshua D."
1033,2016,242,"Finlayson, Mark A."
718,2009,243,"Zhou, You"
523,2006,244,"Dalley, Gerald"
523,2006,245,"Izo, Tomas"
1070,2022,246,"Wang, Yanwei"
1070,2022,247,"Shah, Julie"
1003,2015,248,"Qi, Zichao"
1003,2015,249,"Long, Fan"
1003,2015,250,"Achour, Sara"
1003,2015,251,"Rinard, Martin"
979,2014,252,"Finlayson, Mark Alan"
982,2015,248,"Qi, Zichao"
982,2015,249,"Long, Fan"
982,2015,250,"Achour, Sara"
982,2015,251,"Rinard, Martin"
9,2000,253,"Bruening, Derek"
9,2000,254,"Chapin, John"
1046,2017,255,"Shen, Jiasi"
1046,2017,251,"Rinard, Martin"
511,2006,256,"Leaute, Thomas"
1002,2015,257,"Kjolstad, Fredrik"
1002,2015,258,"Kamil, Shoaib"
1002,2015,259,"Ragan-Kelley, Jonathan"
1002,2015,260,"Levin, David I.W."
1002,2015,261,"Sueda, Shinjiro"
1002,2015,262,"Chen, Desai"
1002,2015,263,"Vouga, Etienne"
1002,2015,264,"Kaufman, Danny M."
1002,2015,265,"Kanwar, Gurtej"
1002,2015,266,"Matusik, Wojciech"
1002,2015,239,"Amarasinghe, Saman"
1063,2019,267,"Bhargava, Nikhil"
1063,2019,268,"Williams, Brian C."
1074,2023,269,"Makatura, Liane"
1074,2023,270,"Foshey, Michael"
1074,2023,271,"Wang, Bohan"
1074,2023,272,"Hähnlein, Felix"
1074,2023,273,"Ma, Pingchuan"
1074,2023,274,"Deng, Bolei"
1074,2023,275,"Tjandrasuwita, Megan"
1074,2023,276,"Spielberg, Andrew"
1074,2023,277,"Owens, Crystal Elaine"
1074,2023,278,"Chen, Peter Yichen"
1074,2023,279,"Zhao, Allan"
1074,2023,280,"Zhu, Amy"
1074,2023,281,"Norton, Wil J"
1074,2023,282,"Gu, Edward"
1074,2023,283,"Jacob, Joshua"
1074,2023,284,"Li, Yifei"
1074,2023,285,"Schulz, Adriana"
1074,2023,266,"Matusik, Wojciech"
886,2012,286,"Sun, Chen"
886,2012,287,"Chen, Chia-Hsin Owen"
886,2012,288,"Kurian, George"
886,2012,289,"Wei, Lan"
886,2012,290,"Miller, Jason"
886,2012,240,"Agarwal, Anant"
886,2012,291,"Peh, Li-Shiuan"
886,2012,292,"Stojanovic, Vladimir"
405,2005,293,"Feamster, Nick"
405,2005,294,"Johari, Ramesh"
405,2005,295,"Balakrishnan, Hari"
651,2008,233,"Katabi, Dina"
651,2008,232,"Gollakota, Shyamnath"
132,2002,296,"Liskov, Barbara H."
132,2002,297,"Moh, Chuang-Hue"
132,2002,298,"Richman, Steven"
132,2002,299,"Shrira, Liuba"
132,2002,300,"Chueng, Yin"
132,2002,301,"Boyapati, Chandrasekhar"
890,2012,302,"Isik, Leyla"
890,2012,303,"Meyers, Ethan M."
890,2012,304,"Leibo, Joel Z."
890,2012,15,"Poggio, Tomaso"
532,2006,305,"Fan, Rui"
532,2006,306,"Lynch, Nancy"
900,2012,307,"Liskov, Barbara"
900,2012,308,"Cowling, James"
708,2009,233,"Katabi, Dina"
708,2009,309,"Rahul, Hariharan"
708,2009,310,"Jakubczak, Szymon"
1069,2021,255,"Shen, Jiasi"
1069,2021,251,"Rinard, Martin"
1015,2015,311,"Beckmann, Nathan"
1015,2015,312,"Sanchez, Daniel"
596,2007,313,"Woo, Grace Rusi"
596,2007,314,"Kheradpour, Pouya"
596,2007,233,"Katabi, Dina"
449,2005,315,"Marnette, Bruno"
449,2005,316,"Kuncak, Viktor"
449,2005,251,"Rinard, Martin"
946,2013,317,"Chiesa, Alessandro"
946,2013,318,"Micali, Silvio"
946,2013,319,"Zhu, Zeyuan Allen"
1009,2015,320,"Chen, Tiffany Yu-Han"
1009,2015,321,"Sivaraman, Anirudh"
1009,2015,322,"Das, Somak"
1009,2015,323,"Ravindranath, Lenin"
1009,2015,295,"Balakrishnan, Hari"
331,2004,324,"Salcianu, Alexandru"
331,2004,251,"Rinard, Martin"
460,2005,325,"Ajmani, Sameer"
962,2014,326,"Chen, Jing"
962,2014,318,"Micali, Silvio"
962,2014,327,"Pass, Rafael"
421,2005,328,"Su, Sara L."
421,2005,235,"Durand, Fredo"
421,2005,329,"Agrawala, Maneesh"
516,2006,330,"Thies, William"
516,2006,331,"Urbanski, John Paul"
516,2006,332,"Thorsen, Todd"
516,2006,239,"Amarasinghe, Saman"
884,2012,333,"Effinger, Robert"
20,2000,46,"Riesenhuber, Maximilian"
20,2000,15,"Poggio, Tomaso"
1008,2015,334,"Feizi, Soheil"
1008,2015,335,"Makhdoumi, Ali"
1008,2015,336,"Duffy, Ken"
1008,2015,337,"Kellis, Manolis"
1008,2015,338,"Medard, Muriel"
127,2002,339,"Ne Win, Toh"
127,2002,340,"Ernst, Michael D."
319,2004,341,"Weinstein, Eugene"
319,2004,342,"Steele, Kenneth"
319,2004,240,"Agarwal, Anant"
319,2004,343,"Glass, James"
858,2011,344,"Guo, Nina X."
385,2004,345,"Balazinska, Magdalena"
385,2004,295,"Balakrishnan, Hari"
385,2004,346,"Madden, Samuel"
385,2004,347,"Stonebraker, Mike"
971,2014,348,"Sidiroglou-Douskos, Stelios"
971,2014,349,"Lahtinen, Eric"
971,2014,249,"Long, Fan"
971,2014,350,"Piselli, Paolo"
971,2014,251,"Rinard, Martin"
188,2003,316,"Kuncak, Viktor"
188,2003,251,"Rinard, Martin"
748,2009,60,"Kaelbling, Leslie Pack"
748,2009,351,"Lozano-Perez, Tomas"
727,2009,306,"Lynch, Nancy"
727,2009,352,"Newport, Calvin"
502,2006,353,"Canetti, Ran"
502,2006,354,"Cheung, Ling"
502,2006,355,"Kaynar, Dilsun"
502,2006,356,"Liskov, Moses"
502,2006,306,"Lynch, Nancy"
502,2006,357,"Pereira, Olivier"
502,2006,358,"Segala, Roberto"
114,2002,301,"Boyapati, Chandrasekhar"
114,2002,359,"Lee, Robert"
114,2002,251,"Rinard, Martin"
749,2009,360,"Roy, Nicholas"
749,2009,361,"He, Ruijie"
580,2007,362,"Chachulski, Szymon"
580,2007,363,"Jennings, Michael"
580,2007,364,"Katti, Sachin"
580,2007,233,"Katabi, Dina"
68,2001,365,"Thies, William F."
68,2001,366,"Karczmarek, Michael"
68,2001,239,"Amarasinghe, Saman"
903,2012,367,"Dong, Shuonan"
1072,2023,368,"Rivest, Ronald"
1072,2023,369,"Schiefelbein, M. Curran"
1072,2023,370,"Zissman, Marc A."
1072,2023,371,"Bay, Jason"
1072,2023,372,"Bugnion, Edouard"
1072,2023,373,"Finnerty, Jill"
1072,2023,374,"Liccardi, Ilaria"
1072,2023,375,"Nelson, Brad"
1072,2023,376,"Norige, Adam S."
1072,2023,377,"Shen, Emily H."
1072,2023,378,"Wanger, Jenny"
1072,2023,379,"Yahalom, Raphael"
1072,2023,380,"Alekseyev, Jesslyn D."
1072,2023,381,"Brubaker, Chad"
1072,2023,382,"Ferretti, Luca"
1072,2023,383,"Ishikawa, Charlie"
1072,2023,384,"Raykova, Mariana"
1072,2023,385,"Schlaman, Brendan"
1072,2023,386,"Schwartz, Robert X."
1072,2023,387,"Sudduth, Emma"
1072,2023,388,"Tessaro, Stefano"
825,2010,389,"Azar, Pablo"
825,2010,326,"Chen, Jing"
825,2010,318,"Micali, Silvio"
928,2013,390,"Kim, Heejung"
928,2013,391,"Wohlwend, Jeremy"
928,2013,304,"Leibo, Joel Z."
928,2013,15,"Poggio, Tomaso"
923,2013,392,"Levin, Anat"
923,2013,393,"Glasner, Daniel"
923,2013,394,"Xiong, Ying"
923,2013,235,"Durand, Fredo"
923,2013,395,"Freeman, William"
923,2013,266,"Matusik, Wojciech"
923,2013,396,"Zickler, Todd"
37,2001,397,"Fu, Kevin"
37,2001,398,"Sit, Emil"
37,2001,399,"Smith, Kendra"
37,2001,293,"Feamster, Nick"
1029,2016,400,"Rock, Colleen T."
981,2015,401,"Beckler, Kendra K."
147,2002,402,"Clarke, Dwaine"
147,2002,403,"Gassend, Blaise"
147,2002,404,"Suh, G. Edward"
147,2002,405,"van Dijk, Marten"
147,2002,406,"Devadas, Srinivas"
852,2011,407,"Jayaraman, Karthick"
852,2011,408,"Ganesh, Vijay"
852,2011,409,"Tripunitara, Mahesh"
852,2011,410,"Rinard, Martin C."
852,2011,411,"Chapin, Steve J."
933,2013,249,"Long, Fan"
933,2013,348,"Sidiroglou-Douskos, Stelios"
933,2013,412,"Kim, Deokhwan"
933,2013,251,"Rinard, Martin"
556,2006,50,"Morency, Louis-Philippe"
893,2012,413,"Johannsson, Hordur"
893,2012,414,"Kaess, Michael"
893,2012,415,"Fallon, Maurice"
893,2012,224,"Leonard, John J."
617,2007,416,"Papi, Matthew M."
617,2007,417,"Ali, Mahmood"
617,2007,418,"Correa Jr., Telmo Luis"
617,2007,419,"Perkins, Jeff H."
617,2007,340,"Ernst, Michael D."
775,2010,412,"Kim, Deokhwan"
775,2010,420,"Misailovic, Sasa"
775,2010,251,"Rinard, Martin"
452,2005,421,"Dolev, Shlomi"
452,2005,422,"Lahiani, Limor"
452,2005,306,"Lynch, Nancy"
452,2005,423,"Nolte, Tina"
142,2002,403,"Gassend, Blaise"
142,2002,404,"Suh, G. Edward"
142,2002,402,"Clarke, Dwaine"
142,2002,405,"van Dijk, Marten"
142,2002,406,"Devadas, Srinivas"
479,2005,424,"Hajiaghayi, MohammadTaghi"
479,2005,425,"Kortsarz, Guy"
479,2005,426,"Salavatipour, Mohammad R."
50,2001,325,"Ajmani, Sameer"
50,2001,427,"Morris, Robert T."
50,2001,296,"Liskov, Barbara H."
787,2010,407,"Jayaraman, Karthick"
787,2010,410,"Rinard, Martin C."
787,2010,409,"Tripunitara, Mahesh"
787,2010,408,"Ganesh, Vijay"
787,2010,428,"Chapin, Steve"
640,2008,429,"Christoudias, C. Mario"
640,2008,430,"Urtasun, Raquel"
640,2008,37,"Darrell, Trevor"
22,2000,431,"Kumar, Vinay"
22,2000,15,"Poggio, Tomaso"
161,2002,432,"Tan, Godfrey"
453,2005,364,"Katti, Sachin"
453,2005,233,"Katabi, Dina"
453,2005,433,"Puchala, Katarzyna"
106,2002,434,"Zee, Karen"
106,2002,251,"Rinard, Martin"
1059,2018,255,"Shen, Jiasi"
1059,2018,435,"Rinard, MArtin"
526,2006,353,"Canetti, Ran"
526,2006,354,"Cheung, Ling"
526,2006,355,"Kaynar, Dilsun"
526,2006,356,"Liskov, Moses"
526,2006,306,"Lynch, Nancy"
526,2006,357,"Pereira, Olivier"
526,2006,358,"Segala, Roberto"
271,2003,356,"Liskov, Moses"
803,2010,436,"Salakhutdinov, Ruslan"
803,2010,437,"Hinton, Geoffrey"
53,2001,438,"Keidar, Idit"
53,2001,439,"Rajsbaum, Sergio"
723,2009,440,"Terashima, Yoshito"
766,2009,318,"Micali, Silvio"
766,2009,326,"Chen, Jing"
91,2001,441,"Larsen, Samuel"
91,2001,442,"Witchel, Emmett"
91,2001,239,"Amarasinghe, Saman"
1032,2016,252,"Finlayson, Mark Alan"
929,2013,443,"Carbin, Michael"
929,2013,420,"Misailovic, Sasa"
929,2013,251,"Rinard, Martin"
769,2009,239,"Amarasinghe, Saman"
769,2009,444,"Rabbah, Rodric"
769,2009,441,"Larsen, Samuel"
816,2010,445,"Hoffmann, Henry"
816,2010,446,"Maggio, Martina"
816,2010,447,"Santambrogio, Marco D."
816,2010,448,"Leva, Alberto"
816,2010,240,"Agarwal, Anant"
870,2011,449,"Mroueh, Youssef"
870,2011,15,"Poggio, Tomaso"
870,2011,197,"Rosasco, Lorenzo"
870,2011,450,"Slotine, Jean-Jacques E."
1006,2015,451,"Abelson, Harold"
1006,2015,452,"Anderson, Ross"
1006,2015,453,"Bellovin, Steven M."
1006,2015,454,"Benaloh, Josh"
1006,2015,455,"Blaze, Matt"
1006,2015,456,"Diffie, Whitfield"
1006,2015,457,"Gilmore, John"
1006,2015,458,"Green, Matthew"
1006,2015,459,"Landau, Susan"
1006,2015,460,"Neumann, Peter G."
1006,2015,461,"Rivest, Ronald L."
1006,2015,462,"Schiller, Jeffrey I."
1006,2015,463,"Schneier, Bruce"
1006,2015,464,"Specter, Michael"
1006,2015,465,"Weitzner, Daniel J."
1016,2015,311,"Beckmann, Nathan"
1016,2015,312,"Sanchez, Daniel"
910,2012,466,"Gharbi, Michael"
910,2012,467,"Malisiewicz, Tomasz"
910,2012,468,"Paris, Sylvain"
910,2012,469,"Durand, Frédo"
611,2007,470,"Ehrmann, Stephen C."
611,2007,471,"Gilbert, Steven W."
611,2007,472,"McMartin, Flora"
841,2011,473,"Krishna, Tushar"
841,2011,474,"Beckmann, Bradford M."
841,2011,291,"Peh, Li-Shiuan"
841,2011,475,"Reinhardt, Steven K."
493,2006,476,"Blackmore, Lars"
493,2006,477,"Block, Steve"
193,2003,478,"Ostrovsky, Rafail"
193,2003,479,"Rackoff, Charles"
193,2003,480,"Smith, Adam"
633,2008,481,"Silva, Marco da"
633,2008,482,"Abe, Yeuhi"
633,2008,483,"Popovic, Jovan"
747,2009,21,"Beal, Jacob"
747,2009,484,"Indurkhya, Sagar"
133,2002,301,"Boyapati, Chandrasekhar"
133,2002,359,"Lee, Robert"
133,2002,251,"Rinard, Martin"
464,2005,485,"Zhang, MIchael"
464,2005,486,"Asanovic, Krste"
1052,2018,267,"Bhargava, Nikhil"
1052,2018,487,"Muise, Christian"
1052,2018,488,"Vaquero, Tiago"
1052,2018,489,"Williams, Brian"
570,2007,116,"Monteleoni, Claire"
570,2007,490,"Kaariainen, Matti"
661,2008,491,"Milch, Brian"
661,2008,492,"Koller, Daphne"
662,2008,326,"Chen, Jing"
662,2008,318,"Micali, Silvio"
175,2002,493,"Mirrokni, Vahab S."
175,2002,238,"Lee, Walter"
175,2002,101,"Karger, David"
175,2002,239,"Amarasinghe, Saman"
754,2009,494,"Shakhnarovich, Greg"
754,2009,495,"Bouvrie, Jake"
754,2009,197,"Rosasco, Lorenzo"
754,2009,496,"Smale, Steve"
652,2008,497,"Bileschi, Stanley M"
1038,2017,498,"Rosen, David M."
1038,2017,499,"Carlone, Luca"
1038,2017,500,"Bandeira, Afonso S."
1038,2017,224,"Leonard, John J."
658,2008,501,"McAllester, David"
658,2008,491,"Milch, Brian"
658,2008,502,"Goodman, Noah D."
347,2004,503,"Walfish, Michael"
347,2004,504,"Stribling, Jeremy"
347,2004,505,"Krohn, Maxwell"
347,2004,295,"Balakrishnan, Hari"
347,2004,506,"Morris, Robert"
347,2004,507,"Shenker, Scott"
377,2004,316,"Kuncak, Viktor"
377,2004,251,"Rinard, Martin"
925,2013,508,"Evans, Isaac"
925,2013,509,"Lynch, Joseph"
682,2008,510,"De Vito, Ernesto"
682,2008,511,"Belkin, Mikhail"
682,2008,197,"Rosasco, Lorenzo"
932,2013,15,"Poggio, Tomaso"
932,2013,512,"Mutch, Jim"
932,2013,513,"Anselmi, Fabio"
932,2013,514,"Tacchetti, Andrea"
932,2013,197,"Rosasco, Lorenzo"
932,2013,304,"Leibo, Joel Z."
169,2002,404,"Suh, G. Edward"
169,2002,402,"Clarke, Dwaine"
169,2002,403,"Gassend, Blaise"
169,2002,405,"van Dijk, Marten"
169,2002,406,"Devadas, Srinivas"
487,2006,19,"Zollei, Lilla"
52,2001,515,"Tanudjaja, Francisco"
52,2001,516,"Mui, Lik"
699,2008,155,"Tenenbaum, Joshua B."
699,2008,517,"Jonas, Eric M."
699,2008,518,"Mansinghka, Vikash K."
459,2005,38,"Arkoudas, Konstantine"
330,2004,293,"Feamster, Nick"
330,2004,295,"Balakrishnan, Hari"
713,2009,519,"Tip, Frank"
713,2009,340,"Ernst, Michael D."
713,2009,520,"Dig, Danny"
713,2009,521,"Dolby, Julian"
713,2009,522,"Kiezun, Adam"
713,2009,523,"Artzi, Shay"
713,2009,524,"Paradkar, Amit"
844,2011,525,"Lau, Eric"
844,2011,526,"Miller, Jason E"
844,2011,527,"Choi, Inseok"
844,2011,528,"Yeung, Donald"
844,2011,239,"Amarasinghe, Saman"
844,2011,240,"Agarwal, Anant"
76,2001,529,"Teller, Seth"
575,2007,308,"Cowling, James"
575,2007,530,"Myers, Daniel"
575,2007,307,"Liskov, Barbara"
575,2007,531,"Rodrigues, Rodrigo"
575,2007,299,"Shrira, Liuba"
637,2008,523,"Artzi, Shay"
637,2008,522,"Kiezun, Adam"
637,2008,521,"Dolby, Julian"
637,2008,519,"Tip, Frank"
637,2008,520,"Dig, Danny"
637,2008,524,"Paradkar, Amit"
637,2008,340,"Ernst, Michael D."
251,2003,532,"Livadas, Carolos"
251,2003,533,"Lynch, Nancy A."
4,2000,534,"Barua, Rajeev"
442,2005,21,"Beal, Jacob"
19,2000,535,"Kohler, Eddie"
19,2000,536,"Chen, Benjie"
19,2000,537,"Kaashoek, M. Frans"
19,2000,427,"Morris, Robert T."
19,2000,538,"Poletto, Massimiliano"
514,2006,476,"Blackmore, Lars"
719,2009,268,"Williams, Brian C."
719,2009,539,"Ono, Masahiro"
824,2010,326,"Chen, Jing"
824,2010,318,"Micali, Silvio"
832,2011,540,"Popa, Raluca Ada"
832,2011,541,"Zeldovich, Nickolai"
832,2011,295,"Balakrishnan, Hari"
753,2009,542,"Miller, Rob"
753,2009,101,"Karger, David"
753,2009,543,"Marcus, Adam"
753,2009,544,"Bernstein, Michael"
578,2007,364,"Katti, Sachin"
578,2007,545,"Cohen, Jeffrey"
578,2007,233,"Katabi, Dina"
655,2008,327,"Pass, Rafael"
655,2008,546,"Vaikuntanathan, Vinod"
821,2010,412,"Kim, Deokhwan"
821,2010,410,"Rinard, Martin C."
168,2002,532,"Livadas, Carolos"
168,2002,533,"Lynch, Nancy A."
26,2000,547,"Fekete, Alan"
26,2000,438,"Keidar, Idit"
110,2002,233,"Katabi, Dina"
110,2002,548,"Blake, Charles"
776,2010,240,"Agarwal, Anant"
776,2010,290,"Miller, Jason"
776,2010,311,"Beckmann, Nathan"
776,2010,549,"Wentzlaff, David"
636,2008,550,"Newton, Ryan"
636,2008,551,"Girod, Lewis"
636,2008,552,"Craig, Michael"
636,2008,553,"Madden, Sam"
636,2008,554,"Morrisett, Greg"
987,2015,555,"Khan, Muhammad Taimoor"
987,2015,556,"Serpanos, Dimitrios"
987,2015,110,"Shrobe, Howard"
960,2014,557,"Abari, Omid"
960,2014,309,"Rahul, Hariharan"
960,2014,233,"Katabi, Dina"
698,2008,306,"Lynch, Nancy"
698,2008,357,"Pereira, Olivier"
698,2008,355,"Kaynar, Dilsun"
698,2008,354,"Cheung, Ling"
698,2008,353,"Canetti, Ran"
190,2003,558,"Kaminsky, Michael"
190,2003,559,"Peterson, Eric"
190,2003,397,"Fu, Kevin"
190,2003,560,"Mazières, David"
190,2003,537,"Kaashoek, M. Frans"
389,2004,316,"Kuncak, Viktor"
389,2004,251,"Rinard, Martin"
1043,2017,163,"Benjamin, Michael R."
894,2012,15,"Poggio, Tomaso"
814,2010,561,"Popic, Victoria"
462,2005,325,"Ajmani, Sameer"
462,2005,307,"Liskov, Barbara"
462,2005,299,"Shrira, Liuba"
462,2005,562,"Curtis, Dorothy"
378,2004,116,"Monteleoni, Claire"
378,2004,295,"Balakrishnan, Hari"
378,2004,293,"Feamster, Nick"
378,2004,44,"Jaakkola, Tommi"
191,2003,563,"Krashinsky, Ronny"
474,2005,424,"Hajiaghayi, MohammadTaghi"
474,2005,425,"Kortsarz, Guy"
474,2005,426,"Salavatipour, Mohammad R."
926,2013,564,"Simosa, Jorge D."
364,2004,531,"Rodrigues, Rodrigo"
364,2004,307,"Liskov, Barbara"
763,2009,318,"Micali, Silvio"
763,2009,326,"Chen, Jing"
984,2015,249,"Long, Fan"
984,2015,248,"Qi, Zichao"
984,2015,250,"Achour, Sara"
984,2015,251,"Rinard, Martin"
670,2008,565,"Vandiver, Benjamin Mead"
536,2006,333,"Effinger, Robert"
891,2012,389,"Azar, Pablo"
891,2012,318,"Micali, Silvio"
365,2004,21,"Beal, Jacob"
96,2001,566,"Wang, Karen"
588,2007,430,"Urtasun, Raquel"
588,2007,37,"Darrell, Trevor"
566,2007,316,"Kuncak, Viktor"
959,2014,567,"Adib, Fadel"
959,2014,568,"Kabelac, Zachary"
959,2014,233,"Katabi, Dina"
673,2008,569,"Quattoni, Ariadna"
673,2008,570,"Carreras, Xavier"
673,2008,571,"Collins, Michael"
673,2008,37,"Darrell, Trevor"
629,2007,572,"Masquelier, Timothee"
629,2007,157,"Serre, Thomas"
629,2007,573,"Thorpe, Simon"
629,2007,15,"Poggio, Tomaso"
877,2011,469,"Durand, Frédo"
908,2012,307,"Liskov, Barbara"
221,2003,574,"Kiriansky, Vladimir"
221,2003,253,"Bruening, Derek"
221,2003,239,"Amarasinghe, Saman"
419,2005,306,"Lynch, Nancy"
419,2005,575,"Mitra, Sayan"
419,2005,423,"Nolte, Tina"
