href,page_number,metadata_link
https://dspace.mit.edu/handle/1721.1/81371,48,https://dspace.mit.edu/handle/1721.1/81371?show=full
https://dspace.mit.edu/handle/1721.1/81958,48,https://dspace.mit.edu/handle/1721.1/81958?show=full
https://dspace.mit.edu/handle/1721.1/81949,48,https://dspace.mit.edu/handle/1721.1/81949?show=full
https://dspace.mit.edu/handle/1721.1/82462,48,https://dspace.mit.edu/handle/1721.1/82462?show=full
https://dspace.mit.edu/handle/1721.1/82517,48,https://dspace.mit.edu/handle/1721.1/82517?show=full
https://dspace.mit.edu/handle/1721.1/82632,48,https://dspace.mit.edu/handle/1721.1/82632?show=full
https://dspace.mit.edu/handle/1721.1/82913,48,https://dspace.mit.edu/handle/1721.1/82913?show=full
https://dspace.mit.edu/handle/1721.1/113364,48,https://dspace.mit.edu/handle/1721.1/113364?show=full
https://dspace.mit.edu/handle/1721.1/83397,48,https://dspace.mit.edu/handle/1721.1/83397?show=full
https://dspace.mit.edu/handle/1721.1/83843,48,https://dspace.mit.edu/handle/1721.1/83843?show=full
https://dspace.mit.edu/handle/1721.1/84608,48,https://dspace.mit.edu/handle/1721.1/84608?show=full
https://dspace.mit.edu/handle/1721.1/85690,48,https://dspace.mit.edu/handle/1721.1/85690?show=full
https://dspace.mit.edu/handle/1721.1/85893,48,https://dspace.mit.edu/handle/1721.1/85893?show=full
https://dspace.mit.edu/handle/1721.1/85975,48,https://dspace.mit.edu/handle/1721.1/85975?show=full
https://dspace.mit.edu/handle/1721.1/86174,48,https://dspace.mit.edu/handle/1721.1/86174?show=full
https://dspace.mit.edu/handle/1721.1/86173,48,https://dspace.mit.edu/handle/1721.1/86173?show=full
https://dspace.mit.edu/handle/1721.1/86235,48,https://dspace.mit.edu/handle/1721.1/86235?show=full
https://dspace.mit.edu/handle/1721.1/86300,48,https://dspace.mit.edu/handle/1721.1/86300?show=full
https://dspace.mit.edu/handle/1721.1/86299,48,https://dspace.mit.edu/handle/1721.1/86299?show=full
https://dspace.mit.edu/handle/1721.1/86298,48,https://dspace.mit.edu/handle/1721.1/86298?show=full
